id,first_name,last_name,gender,date_of_birth
1,Padraig,Jess,Male,2011-03-04
2,Alfonse,Sarfati,Male,1992-11-23
3,Fergus,Bestwerthick,Male,2008-03-05
4,Lemmie,Asplen,Male,2019-07-25
5,Merill,Hyland,Male,2004-06-23
6,Ennis,Mattessen,Male,1963-08-01
7,Fenelia,Faudrie,Female,2008-10-29
8,Susy,Demougeot,Female,1998-12-23
9,Britta,Jirick,Female,1979-12-21
10,Cissy,Ledbury,Polygender,2000-12-27
11,Coleen,Hellen,Female,2006-02-28
12,Norrie,Faulds,Male,2001-06-08
13,Hewet,Godsell,Male,2013-06-05
14,Raven,Craisford,Female,1989-08-29
15,Dasi,Wasielewski,Female,1970-11-28
16,Payton,Gammell,Male,1999-05-22
17,Jolynn,Higford,Female,1965-11-14
18,Konstanze,Sixsmith,Female,1963-12-07
19,Huntington,Grigoire,Male,1978-08-27
20,Shelden,Lambrook,Male,1981-01-08
21,Guenna,Haddleton,Bigender,2006-11-03
22,Ase,Gye,Male,1996-10-18
23,Amber,Letty,Female,1979-12-24
24,Jephthah,Wainscoat,Male,1999-05-14
25,Gayel,Weiss,Female,2000-04-21
26,Jefferey,Domel,Male,1978-02-27
27,Mead,Stimson,Male,1968-11-28
28,Clemmy,Stephens,Male,1968-01-23
29,Garvin,Hunnicot,Male,2014-09-29
30,Pepillo,Helix,Male,1960-01-07
31,Brandy,Pitchford,Male,1972-02-05
32,Gael,Gunnell,Male,1974-03-19
33,Terrance,MacNally,Male,1985-05-16
34,Rabbi,Govett,Male,1968-07-24
35,Pru,Ielden,Female,2000-10-23
36,Allie,Durram,Male,1978-05-20
37,Hewe,Immins,Male,2007-06-20
38,Lucius,Tosney,Male,2012-09-23
39,Virgilio,Nickels,Male,1982-03-11
40,Ira,Poli,Male,1979-12-15
41,Gussie,Petters,Female,2001-02-18
42,Rolfe,Pentycost,Male,1983-06-23
43,Bird,Brownlie,Female,1967-10-18
44,Roarke,Pickvance,Male,1979-08-27
45,Myron,Ruckert,Male,2014-02-17
46,Alley,Pruckner,Male,2010-07-25
47,Jeanelle,Oaten,Female,2001-09-13
48,Conrad,Rippingall,Male,2013-04-29
49,Dix,Reppaport,Female,1991-02-15
50,Kai,Bye,Female,1964-01-06
51,Agustin,Dagworthy,Male,2010-03-18
52,Jose,Baiyle,Male,2018-07-14
53,Rosemonde,Toner,Genderqueer,2016-10-09
54,Trefor,Perello,Male,1963-10-26
55,Sully,Midgley,Male,2009-03-04
56,Sebastiano,Ketts,Male,2022-08-30
57,Salome,Druce,Female,1960-11-24
58,Colman,Orro,Male,1983-10-23
59,Siegfried,Cosely,Male,1999-07-11
60,Ignatius,Ekkel,Male,1976-04-21
61,Ezekiel,McComas,Male,2022-05-09
62,Warner,Forster,Male,1978-07-19
63,Jolee,Szymoni,Genderfluid,1962-04-03
64,Read,Rosoman,Male,2002-04-06
65,Ellissa,Rosbrough,Female,1970-08-27
66,Teddi,Angrove,Female,1985-08-04
67,Mikey,Curee,Male,1962-01-12
68,Antonin,Pomphrey,Male,2005-02-24
69,Sigismund,McGarahan,Male,1993-06-07
70,Clerc,Ockleshaw,Male,2019-01-21
71,Avery,Scutcheon,Male,1984-05-29
72,Em,Medcalf,Male,2005-04-12
73,Hadleigh,Fumagalli,Male,2008-08-16
74,Noelani,McCobb,Female,2010-06-25
75,Garvey,Prantl,Male,1977-07-24
76,Carina,Weal,Female,1970-06-13
77,Ruthi,Simoneschi,Female,1984-09-20
78,Dulciana,Petkens,Female,2002-09-03
79,Parsifal,Oman,Male,1979-03-25
80,Pavla,Kayley,Female,2003-09-08
81,Melinda,Jans,Female,2010-09-13
82,Louise,Brawley,Female,1968-02-03
83,Tanny,Margach,Male,1990-04-12
84,Abigale,Parkhouse,Female,2003-01-30
85,Alvy,Gregoletti,Male,1973-07-01
86,Waverly,Stubbeley,Male,1988-07-16
87,Bond,Dwane,Male,1993-03-02
88,Horatius,Yoell,Genderqueer,1963-09-01
89,Charlie,Sango,Male,1976-05-13
90,Kingsly,Cunney,Polygender,1977-05-06
91,Freddy,Oxby,Male,1970-11-05
92,Victoir,Masterman,Male,1974-09-22
93,Laurianne,Benko,Female,1984-06-21
94,Gwenny,Roundtree,Female,2019-10-30
95,Carrissa,Boggas,Agender,2005-11-21
96,Corbin,Burgan,Male,1997-02-15
97,Vikki,Pickvance,Female,2007-07-04
98,Bellanca,Royce,Female,1987-09-26
99,Boyd,Perche,Male,1988-10-06
100,Sandro,Fredi,Male,2007-09-13
101,Tony,Weyman,Male,1982-07-03
102,Lockwood,Hamal,Agender,1989-11-24
103,Aundrea,Grain,Female,1960-12-23
104,Corrina,Stonbridge,Female,1980-05-28
105,Johnette,Osmint,Female,1976-05-20
106,Carny,Rawne,Male,1980-04-25
107,Carissa,Vannah,Female,1995-10-22
108,Cornela,Lyptratt,Female,1964-06-16
109,Lowe,Udall,Non-binary,2021-10-31
110,Nettle,Gounet,Genderfluid,1972-03-15
111,Juline,MacCarrick,Female,2016-05-29
112,Chrissy,Strover,Female,2006-11-03
113,Garnet,Thacker,Female,1969-06-09
114,Hillary,Wardlow,Male,1961-10-01
115,Stacee,Tyer,Female,1978-03-17
116,Sheryl,Padkin,Female,1973-10-20
117,Ansel,Boatswain,Male,1997-02-27
118,Damaris,McFaell,Female,2001-09-05
119,Towny,Apfler,Polygender,1982-06-30
120,Sharlene,Dorgan,Polygender,2015-09-19
121,Kerry,Whitnall,Female,1960-01-18
122,Dag,Paris,Polygender,1984-01-11
123,Mile,Feavers,Male,2001-06-08
124,Shawn,Brumfield,Agender,1995-07-15
125,Gaylord,Withnall,Male,1960-10-14
126,Pamella,Litt,Female,2022-06-12
127,Calvin,Rideout,Male,1966-09-03
128,Hazlett,Garn,Male,1997-06-03
129,Jaclin,Brunotti,Genderqueer,1993-06-18
130,Maryrose,Kohter,Female,2016-07-08
131,Riordan,Stocky,Male,1989-12-09
132,Rodina,Artinstall,Female,1995-12-09
133,Nevile,Yakebovitch,Male,2018-11-12
134,Jareb,Allder,Male,1986-03-20
135,Dana,Alf,Male,1962-07-23
136,Say,Antonioni,Male,1962-10-25
137,Gwynne,Elland,Female,1974-09-22
138,Terrel,Trevallion,Male,1969-04-28
139,Hinze,Derricoat,Male,1983-12-12
140,Sella,Pakeman,Female,1972-08-04
141,Scotti,Stripling,Male,2008-02-07
142,Enos,Nelle,Male,1979-06-30
143,Jasmine,Rosel,Female,1983-06-07
144,Peder,Beeke,Male,1986-11-03
145,Davis,Castletine,Male,2022-09-02
146,Sylas,Esom,Male,1984-03-21
147,Codee,Willmot,Female,1984-06-28
148,Ric,Kitchingman,Male,1994-02-24
149,Theresa,Chadbourne,Female,2007-10-13
150,Clemmy,Jellett,Male,1997-12-30
151,Nealy,Marsham,Male,1962-05-13
152,Maisie,Buckleigh,Non-binary,2000-10-05
153,Baillie,Mustoo,Male,2016-07-17
154,Vasilis,Burk,Male,2022-08-12
155,Jamie,Mc Comb,Female,1976-08-26
156,Dion,Creaven,Female,1988-07-27
157,Jade,Bolliver,Female,1967-11-27
158,Jamal,Huncoot,Male,2021-07-13
159,Misti,Keave,Female,1985-02-23
160,Clevey,Belden,Male,1978-04-30
161,Byrann,Schlagtmans,Male,1994-11-08
162,Fifi,McMearty,Female,1993-05-22
163,Kiele,Dimitrescu,Female,1976-03-23
164,Abbey,Drowsfield,Male,1999-08-05
165,Christy,Garbutt,Female,1990-05-04
166,Brietta,Ivimy,Female,2012-01-20
167,Bamby,Mattiello,Female,1966-05-18
168,Zebulon,Hartly,Male,1977-08-21
169,Holli,Tipling,Female,1967-02-17
170,Lev,Billyeald,Male,1968-03-28
171,Devan,Broader,Female,1961-05-26
172,Electra,Shannon,Female,1988-06-21
173,Ericha,Boulter,Female,2001-03-13
174,Tiertza,Athridge,Female,1972-10-29
175,Rois,Avieson,Female,2001-02-05
176,Dodi,Elloway,Female,1989-09-16
177,Kally,Ipsley,Female,2015-06-17
178,Grayce,McGriffin,Female,1967-03-06
179,Cam,Charlwood,Male,1987-11-03
180,Elna,Lorait,Female,1998-07-22
181,Berget,Cottie,Non-binary,1967-03-12
182,Dolley,Neesam,Genderqueer,1971-06-09
183,Heddie,Sawers,Female,2022-07-24
184,Kali,Leyman,Female,1999-04-27
185,Charita,Jemison,Female,1988-02-27
186,Edlin,Sebastian,Male,1977-06-02
187,Collin,Massy,Male,1974-03-07
188,Anatole,Iacobassi,Male,1975-04-07
189,Lauritz,Ben-Aharon,Male,1983-10-15
190,Jessey,Ferri,Male,1988-01-23
191,Tilly,Scawen,Female,1982-12-21
192,Dona,Cox,Female,2016-11-18
193,Barr,Gallafant,Male,1982-09-15
194,Wolfie,Alcido,Male,1962-09-16
195,Alvinia,Hurdis,Female,2005-08-20
196,Rosalinda,Whorlow,Female,1981-06-09
197,Judon,Cuckoo,Male,2009-08-04
198,Lorens,Tippetts,Male,1988-06-24
199,Abe,Jellett,Male,2016-08-03
200,Bancroft,Nel,Male,1978-07-15
201,Mollie,Clews,Female,1973-11-20
202,Granthem,Hamson,Male,1982-03-30
203,Jess,Itzakovitz,Male,2020-01-09
204,Denise,Grayer,Female,2012-05-19
205,Joachim,Swatheridge,Male,1997-11-23
206,Ella,O'Carmody,Female,2000-04-20
207,Kathryn,Sperrett,Female,1994-03-24
208,Babb,Johnikin,Female,2001-11-28
209,Arney,Rowlinson,Male,2011-04-30
210,Verge,Claw,Male,2008-06-01
211,Douglas,Stanwix,Male,2009-11-15
212,Valerye,Devenny,Genderfluid,1974-06-25
213,Vidovic,Rozzell,Male,2000-10-13
214,Malanie,Cosbee,Polygender,1965-04-07
215,Rollo,Aloshechkin,Male,1992-06-29
216,Jenn,Russo,Female,2003-10-31
217,Wendeline,Lampert,Female,2002-09-03
218,Harrison,Selvey,Male,2000-04-01
219,Alfons,Antonoyev,Male,1984-11-12
220,Pammi,Cottie,Non-binary,1978-11-18
221,Gris,Laingmaid,Male,1962-08-21
222,Devin,Hemstead,Male,2020-07-22
223,Bryan,Chaddock,Male,2006-12-09
224,Konstantine,Easeman,Male,1998-06-26
225,Calv,Karpmann,Male,2005-09-08
226,Chuck,Blenkharn,Male,1960-08-01
227,Debbie,Redrup,Female,2000-04-27
228,Hogan,Thaim,Male,1972-10-08
229,Trudy,Davidsen,Female,2004-12-23
230,Malia,Kale,Female,2010-05-22
231,Brandea,McCormack,Female,1967-12-14
232,Jozef,MacKeever,Male,1989-02-05
233,Gustav,Dredge,Male,1990-08-07
234,Frederica,Humfrey,Female,1996-07-09
235,Laryssa,Forster,Female,1977-03-06
236,Matty,Jaffra,Male,2015-11-06
237,Brewster,Wilacot,Male,1977-06-04
238,Trude,Sibille,Female,2012-11-15
239,Jonie,Stanbury,Female,2010-02-05
240,Ellswerth,Connikie,Male,2015-06-15
241,Obediah,Arch,Male,2000-05-23
242,Kristina,Gainseford,Genderfluid,1988-12-27
243,Tiebout,Devons,Male,1981-11-23
244,Salomon,Fumagallo,Male,1975-01-16
245,Roberta,Feaviour,Female,1985-10-10
246,Rivi,Jardein,Female,1992-10-01
247,Maurene,Pattrick,Female,1993-05-18
248,Rutter,Loram,Male,1982-08-20
249,Garrott,Linnock,Male,1996-02-14
250,Moselle,Mucklestone,Female,2011-10-10
251,Garret,Pellman,Male,2002-12-22
252,Kayle,Izakovitz,Female,1998-08-24
253,Binky,Kibbye,Male,1996-12-08
254,Morena,Scantleberry,Female,2014-09-07
255,Carina,Gaskoin,Female,1983-10-28
256,Allegra,Tomblett,Female,1975-12-06
257,Stu,Elder,Polygender,1974-06-09
258,Jaimie,Gusticke,Genderqueer,1970-03-07
259,Amity,Cotterill,Female,1970-04-13
260,Jerrilee,Le Brun,Female,2020-08-25
261,Travus,Vallow,Genderqueer,1960-01-11
262,Concettina,Rotte,Female,2001-07-17
263,Jobye,McCracken,Female,1979-06-18
264,Pet,O'Connell,Female,2019-02-01
265,Rachel,Nunson,Agender,1995-10-15
266,Erhard,Teresia,Agender,2021-05-14
267,Gris,Bratley,Male,2020-11-04
268,Nara,Furbank,Female,2003-01-02
269,Arlette,Wildash,Female,2005-10-20
270,Jaynell,Tonner,Female,2005-06-22
271,Hollie,Tarpey,Female,1969-08-22
272,Mellicent,Macbeth,Female,1997-03-27
273,Millicent,Peasby,Female,1989-01-17
274,Genvieve,Hourihan,Non-binary,2006-11-01
275,Cairistiona,Giurio,Polygender,1967-05-26
276,Herman,Borrell,Male,1971-03-21
277,Corny,Betke,Male,2012-06-24
278,Laurena,Bruna,Non-binary,2016-04-14
279,Stormy,Korting,Female,1993-09-30
280,Lucian,Pomphrett,Genderfluid,2002-04-22
281,Fabian,Kiffin,Male,2016-04-11
282,Frederic,Cowgill,Male,1964-09-09
283,Vachel,Boome,Male,1991-09-29
284,Sabra,Bambrugh,Female,2015-01-10
285,Renee,Jelphs,Female,1960-01-09
286,Claudius,Fardo,Male,1994-10-26
287,Juliane,Paylor,Female,1979-07-31
288,Scarface,Timmis,Male,1962-12-29
289,Cristal,Ludgate,Female,1996-01-11
290,Gage,Klesl,Male,1964-05-02
291,Royce,Ornelas,Male,2012-03-15
292,Mary,Brewood,Agender,1981-03-25
293,Eve,ducarme,Female,2005-03-08
294,Iorgo,Jenik,Male,1966-09-22
295,Melanie,Birdsey,Female,2018-04-29
296,Delmer,Robbins,Male,1960-09-19
297,Lennie,Folkes,Male,2022-09-04
298,Reggi,Bearn,Female,1979-02-06
299,Jakob,Fussell,Male,2000-12-08
300,Aloysius,Velde,Male,2006-07-05
301,Lilia,Hayle,Female,2005-04-28
302,Kyrstin,Feron,Female,1980-01-07
303,Ibbie,Lanchester,Female,1966-09-11
304,Cordi,Stefi,Bigender,1987-06-15
305,George,Sowerby,Male,2020-10-02
306,Alleyn,Gravell,Male,1982-10-26
307,Ashly,Barszczewski,Female,2006-08-22
308,Karylin,Iwanowicz,Female,2016-04-12
309,Fina,Coots,Female,1972-02-17
310,Nadiya,Lafee,Female,2009-09-07
311,Vivi,Anlay,Female,1980-12-22
312,Ddene,Janowicz,Female,2016-10-10
313,Elise,Fiander,Female,2017-02-05
314,Itch,Chadwyck,Male,2021-01-14
315,Alexandro,Hasted,Male,2016-12-04
316,Yehudit,Jimmison,Male,2009-11-23
317,Vinita,Turgoose,Non-binary,1999-10-10
318,Benn,Bennoe,Male,1974-01-11
319,Jewell,Bisco,Female,1982-07-13
320,Tracie,Truluck,Female,1977-09-01
321,Rolf,Dowbakin,Male,2001-07-08
322,Bowie,Gookey,Male,2015-10-04
323,Terry,Owain,Male,2000-11-21
324,Grace,Glassman,Agender,1980-10-16
325,Dud,Resdale,Male,2007-01-08
326,Jarib,Havoc,Male,1987-11-04
327,Merell,Rabjohns,Male,1992-06-02
328,Cobby,Fehners,Male,1966-06-04
329,Si,Alywin,Male,1983-07-04
330,Stephannie,Cater,Female,2022-04-14
331,Manny,Wesley,Male,2002-08-06
332,Clarita,McIlvaney,Female,2004-12-02
333,Dian,Teggart,Female,1968-12-19
334,Eloisa,Kolczynski,Female,1997-09-08
335,Rebe,Dobrowolski,Female,1961-01-25
336,Freeman,Seak,Male,2006-08-23
337,Chevalier,Dwight,Male,1968-07-21
338,Galven,Pautard,Male,1999-08-06
339,Kimmy,Leftley,Female,2010-08-22
340,Ashien,Sonner,Non-binary,2007-11-17
341,Vita,O'Sharry,Female,2016-09-23
342,Ina,Bertolaccini,Female,1963-03-31
343,Mar,Solomonides,Male,2020-09-20
344,Faina,Yvens,Female,1978-09-03
345,Jillana,Sigmund,Female,1975-06-27
346,Drake,Doughartie,Male,1960-02-12
347,Sherlock,Hare,Male,1963-07-07
348,Janene,Fergusson,Female,1997-03-10
349,Wood,Tubbs,Male,2013-05-24
350,Meg,Ahrens,Female,1964-06-11
351,Nathanial,MacKill,Male,1975-11-26
352,Brooks,Brotheridge,Female,1987-01-09
353,Mimi,Moralee,Female,2001-04-06
354,Delcina,Stoven,Female,1993-06-18
355,Bernie,Ducker,Male,1993-01-06
356,Carmelina,Bibby,Female,1966-08-09
357,Abbie,Cheley,Male,1968-12-10
358,Bary,Harker,Male,1981-06-22
359,Henrik,Gyngyll,Male,1964-12-27
360,Tommi,MacKnocker,Female,2018-03-23
361,Wilone,Pridding,Female,2012-08-10
362,Lottie,Neary,Genderqueer,1991-02-22
363,Brigid,Gunthorpe,Female,1993-07-01
364,Amabel,Speller,Female,1964-09-07
365,Quincy,Quiddinton,Male,2015-06-21
366,Nance,Dickings,Female,2007-01-28
367,Clare,Walklott,Male,2017-01-14
368,Sterling,Janicek,Male,1979-01-28
369,Gray,Kohnemann,Male,1995-10-04
370,Laina,Albery,Female,2014-09-20
371,Olin,Dayborne,Male,2001-12-05
372,Tonye,Wornham,Female,1999-08-03
373,Arleen,Strete,Genderfluid,1992-03-18
374,Sella,Noto,Female,1964-09-27
375,Welsh,Pietrasik,Male,2012-08-15
376,Milzie,Summerton,Female,2013-12-26
377,Brigham,Hallin,Male,1982-12-26
378,Addia,Bisco,Female,1991-01-13
379,Cassius,Hoyt,Male,1983-03-09
380,Jenn,Stitch,Female,2020-01-27
381,Ingram,Cricket,Agender,1993-03-06
382,Derry,Karel,Male,1986-10-27
383,Sheila-kathryn,Tudor,Female,2022-06-30
384,Minnie,Benzing,Female,1977-03-21
385,Michel,Godbolt,Male,1971-03-26
386,Rasla,Burburough,Female,1992-07-10
387,Claudette,Hairesnape,Female,2021-10-08
388,Arlie,Hazelhurst,Genderfluid,1995-11-05
389,Roanna,Gaughan,Agender,2004-08-02
390,Al,Sreenan,Male,1975-11-21
391,Moss,Izen,Male,1983-12-05
392,Levi,Bramble,Male,1979-05-06
393,Vonny,Firth,Female,2020-08-18
394,Bondon,Jolly,Male,2020-04-18
395,Bert,Chestney,Male,2019-08-17
396,Magda,Pendrey,Female,1998-12-21
397,Abelard,Schoolcroft,Bigender,1999-07-28
398,Minetta,Deadman,Female,2015-05-16
399,Pierre,Cowern,Male,2019-09-09
400,Eadith,Coghlan,Female,1999-08-01
401,Elianore,Lamble,Female,2020-02-18
402,Walt,Wurst,Bigender,1988-09-24
403,Kelley,Redmile,Genderqueer,2006-06-04
404,Laughton,Wordesworth,Male,1991-10-27
405,Rockey,Woollam,Male,1997-10-20
406,Karim,Cardoe,Male,1992-09-30
407,Horatius,Faltin,Male,2006-06-07
408,Gusty,Danshin,Female,2013-05-29
409,Drucill,Teape,Female,2012-10-07
410,Shirl,Kobelt,Female,1999-05-15
411,Melba,Ashborne,Female,2009-11-18
412,Clarance,Callam,Male,1978-06-15
413,Veronike,Pringell,Female,2020-05-17
414,Liza,Lendon,Female,2019-04-28
415,Dorothy,Keyzor,Female,2004-05-05
416,Emera,Kimmitt,Female,2011-05-22
417,Harwilll,Blatchford,Male,1968-09-10
418,Ronni,Van Zon,Genderfluid,1977-12-06
419,Ade,Cathersides,Male,1963-01-28
420,Jolee,Ziehms,Female,2011-07-28
421,Lilia,Tipling,Female,2018-08-21
422,Reyna,MacCauley,Female,1990-10-07
423,Hansiain,Howden,Male,1987-10-27
424,Alf,Huerta,Male,1985-02-16
425,Irwinn,Raithmill,Male,1993-07-21
426,Dedie,Cromett,Bigender,1993-03-05
427,Karney,Senechault,Male,1984-11-11
428,Lewie,Karpman,Male,2015-10-10
429,Salli,Birden,Female,2007-07-21
430,Herc,Widdup,Male,1982-09-08
431,Carce,Monteath,Male,1982-10-23
432,Sherri,Romero,Female,1995-12-21
433,James,Duxbarry,Male,1975-02-05
434,Antonie,Fridaye,Bigender,1985-02-04
435,Ranee,Gerrey,Female,1968-01-23
436,Jillayne,Tschursch,Female,2011-02-15
437,Mayne,Witton,Male,1975-12-05
438,Butch,Herrieven,Male,1978-05-21
439,Merry,Sissot,Male,2013-05-18
440,Lambert,Skittles,Male,1995-11-07
441,Roosevelt,Purvey,Male,1972-07-16
442,Sherlocke,Jorck,Male,2011-06-27
443,Cyrill,Buckston,Male,1972-06-19
444,Kippy,Sellstrom,Male,1963-03-17
445,Corinne,Smyley,Female,1998-07-29
446,Ivette,Feilden,Female,1976-10-14
447,Peadar,Reuven,Male,1976-07-14
448,Shepperd,Huntington,Male,1991-01-09
449,Lucho,Grieveson,Male,2009-02-24
450,Lyndell,Mityushkin,Female,2015-01-12
451,Edmon,McCarle,Male,1965-04-01
452,Joyan,Lusher,Female,1961-06-24
453,Olenka,Simoncini,Female,2011-06-29
454,Rriocard,Ferrettino,Non-binary,2003-04-05
455,Ric,Maykin,Male,1993-08-01
456,Gael,Cane,Female,1961-10-18
457,Pauline,Cornels,Female,2021-03-02
458,Celine,Beaty,Female,1991-11-27
459,Em,Laughren,Female,1988-08-30
460,Barret,Collaton,Male,1985-07-19
461,Christa,Odgaard,Female,2015-08-06
462,Aryn,Adamski,Female,1990-10-03
463,Alane,Jankovsky,Female,2014-06-29
464,Conway,Killiam,Male,2002-08-26
465,Randell,Hulmes,Male,1993-01-30
466,Ellsworth,Grimwood,Male,2002-10-13
467,Lucais,Frissell,Agender,1971-06-28
468,Broddy,Decker,Male,1981-04-10
469,Diarmid,Goldby,Male,2012-10-26
470,Sayre,Silcocks,Male,2011-03-25
471,Nat,Crispin,Male,2010-02-27
472,Regan,McCloughlin,Male,1979-09-10
473,Billi,Gyse,Female,2020-02-14
474,Ivie,Wolfinger,Female,2005-07-20
475,Carter,Mcasparan,Male,1967-08-14
476,Jabez,Finden,Male,1979-08-03
477,Quill,Buxcey,Polygender,1981-08-21
478,Gallard,Tuckie,Male,1969-07-30
479,Jacobo,Ivanisov,Male,1980-03-15
480,Baudoin,Robinet,Male,2016-02-27
481,Sandor,Fydo,Agender,2007-03-28
482,Lynea,Wiburn,Female,2003-09-05
483,Greg,Shorey,Male,1971-11-23
484,Adorne,Pyatt,Female,1985-05-22
485,Sheelagh,Lemm,Female,2017-05-15
486,Kalle,Grosier,Male,2018-08-29
487,Ibbie,Couthard,Female,2004-01-10
488,Merry,Aplin,Female,2021-07-04
489,Guss,Alfwy,Male,2016-04-07
490,Worden,Beyne,Male,1960-06-09
491,Uta,Matonin,Female,1998-02-04
492,Lesya,Biddle,Female,1965-02-03
493,Fax,Dennison,Male,1993-04-24
494,Modesty,Carik,Female,2022-06-11
495,Maximilien,Begin,Agender,2022-05-24
496,Goldy,Blaxland,Female,1969-08-21
497,Melantha,Knappett,Female,2019-12-01
498,Cherise,Tanman,Female,1964-10-03
499,Henri,Brice,Male,2004-12-25
500,Luelle,Anger,Female,2015-05-10
501,Darn,Wroughton,Male,2003-03-28
502,Augusto,Paolo,Male,2013-01-06
503,Agnola,Wasmuth,Female,1964-04-14
504,Cheryl,Filipic,Female,1964-08-29
505,Wheeler,Bunston,Male,2007-01-31
506,Granville,Fidele,Male,1960-10-07
507,Ruben,Webburn,Male,2016-10-27
508,Siana,Lacotte,Female,2008-02-09
509,Reeva,Linnell,Female,1992-06-26
510,Enrica,Osgar,Female,2011-03-27
511,Hildagard,Tume,Female,2019-01-07
512,Mariana,Lydall,Female,1961-11-05
513,Devy,Truter,Male,1989-05-31
514,Foster,Coskerry,Male,1991-07-16
515,Meridel,Woodier,Female,1976-03-16
516,Cathlene,Lineker,Non-binary,1971-07-12
517,Urbano,Bedell,Male,1972-05-29
518,Hilliary,Salmond,Female,1986-07-02
519,Chauncey,Drezzer,Male,2006-12-31
520,Wash,Beel,Male,2020-10-12
521,Braden,O'Doran,Male,1981-09-05
522,Fidela,Lanyon,Female,1970-08-13
523,Roderick,O'Luney,Male,1999-01-16
524,Marmaduke,Swadling,Non-binary,2009-02-04
525,Stu,Gietz,Male,1963-10-12
526,Caddric,Hought,Male,2001-10-27
527,Corinna,Sargison,Female,1971-08-22
528,Hans,Fontanet,Male,1960-03-28
529,Graig,Romagnosi,Male,2002-03-24
530,Alena,Easthope,Female,1965-02-12
531,Rozina,Lampbrecht,Female,2012-03-19
532,Marven,Packwood,Bigender,1970-06-23
533,Wendy,Sall,Female,1971-04-06
534,Field,Cayton,Male,1993-09-15
535,Morissa,Rennicks,Female,1983-11-21
536,Jan,Ingolotti,Male,2016-05-24
537,Dulcie,Gusney,Female,1988-06-23
538,Thibaut,Bruckental,Male,1995-05-02
539,Currey,Townes,Male,1987-08-22
540,Ibrahim,Chavez,Male,2016-04-03
541,Clim,Self,Male,1981-04-18
542,Mollee,Iacovielli,Female,2018-11-15
543,Claiborne,Grindell,Bigender,1985-03-23
544,Meggy,Labusch,Female,2004-02-22
545,Hilde,Mansion,Agender,2005-08-29
546,Peria,Kauschke,Female,2019-11-05
547,Antonino,Deveral,Male,2003-10-13
548,Anet,Guillou,Female,1972-12-29
549,Paola,Antonucci,Female,1973-01-06
550,James,Leel,Male,1997-11-29
551,Ulrick,Woollhead,Male,1994-09-24
552,Karel,Schimann,Male,2008-06-06
553,Wenda,Klassmann,Female,1978-10-11
554,Damien,Searle,Male,1995-05-23
555,Muriel,Stienton,Female,2011-04-09
556,Merle,Comley,Bigender,1997-02-24
557,Olly,Thal,Male,1988-07-24
558,Heall,Silmon,Male,1999-06-14
559,Mable,Janjic,Female,2006-07-30
560,Freda,Elsley,Female,1969-08-30
561,Steve,Wemyss,Male,1970-04-18
562,Cariotta,Rowney,Female,1979-07-16
563,Morris,Scala,Male,1989-11-23
564,Addie,Carolan,Male,1989-05-09
565,Leonard,Dowtry,Male,1963-12-13
566,Rollins,Binnion,Male,1990-08-05
567,Cordelie,Berkelay,Bigender,1963-07-05
568,Vivienne,Buttriss,Female,2012-10-23
569,Margo,Brammar,Female,2017-01-26
570,Clarita,Coneley,Female,2002-12-02
571,Dedra,Bearcroft,Female,1983-01-12
572,Chance,Bilby,Male,1980-06-09
573,Wheeler,Goscar,Male,1961-09-25
574,Guglielmo,Boxer,Male,1979-09-02
575,Florie,Krahl,Female,1990-04-13
576,Cyndia,Pendle,Non-binary,1985-07-09
577,Delbert,Dunning,Polygender,1989-03-14
578,Olwen,Witton,Female,1961-09-12
579,Rafaellle,Arias,Bigender,2017-01-09
580,Darlene,Jouannin,Female,1991-08-08
581,Lesli,Meagh,Female,2001-05-31
582,Lodovico,Donalson,Male,1985-07-28
583,Shurlocke,Tapping,Male,1995-01-14
584,Vin,Sarre,Male,1993-11-27
585,Griffie,Suttling,Male,1970-11-22
586,Cherlyn,Dunbobbin,Female,1996-01-21
587,Elfreda,Quickfall,Female,2016-01-28
588,Ailina,O'Clery,Genderqueer,1968-08-18
589,William,Petford,Male,1966-12-29
590,Nev,Slimings,Male,2013-10-09
591,Walt,Oswal,Male,1977-03-19
592,Bentley,Anstice,Male,2001-09-04
593,Corri,Humblestone,Female,1969-06-22
594,Yancy,McSkeagan,Genderqueer,2011-01-18
595,Jessalyn,McCuthais,Female,2005-05-20
596,Woodman,Turmall,Male,1999-04-10
597,Erny,Arderne,Male,1989-01-09
598,Beverly,Ivanshintsev,Agender,1981-12-30
599,Carry,Kingswood,Non-binary,2010-12-03
600,Abie,McIlroy,Male,1993-04-03
601,Andrea,Handrik,Male,1973-05-29
602,Miguela,Bramstom,Female,2001-10-12
603,Valli,Huet,Female,1968-08-29
604,Lorelle,Foucard,Female,2019-02-17
605,Zedekiah,Grishechkin,Male,1984-07-17
606,Kylie,Mulberry,Female,2000-05-24
607,Dolli,Petford,Female,1988-11-11
608,Milo,Gladwell,Male,2015-02-19
609,Dorotea,Bourthouloume,Female,2010-12-09
610,Korney,Kelleher,Female,1982-11-07
611,Griffy,Thurstan,Male,1971-05-25
612,Berti,Sherwen,Male,1960-09-12
613,Noach,Reddlesden,Male,2011-06-24
614,Isabelle,Sidon,Female,2009-07-29
615,Josefina,Goatcher,Female,1964-06-21
616,Yorke,Schankelborg,Male,2003-04-09
617,Jocko,Klaes,Male,2011-12-18
618,Mada,Chatan,Female,1998-11-03
619,Lise,Kincaid,Female,2016-10-19
620,Becki,Doddemeade,Female,2018-07-10
621,Carlynne,Corp,Genderqueer,1988-06-28
622,Gerda,Burren,Female,1970-06-23
623,Dianna,Fausch,Female,2007-07-18
624,Myrvyn,Stedell,Male,1980-08-28
625,Tilly,Voce,Female,2019-05-26
626,Beck,Redfern,Male,2011-05-26
627,Timoteo,Divina,Male,2010-11-13
628,Phylis,Pagitt,Female,2018-08-19
629,Lauree,Cushe,Female,1985-09-19
630,Elvyn,Weild,Male,2003-05-16
631,Casper,Antoshin,Male,2006-02-20
632,Lillis,Jervis,Female,2006-01-03
633,Cassandre,Wooder,Female,1964-04-20
634,Debi,cornhill,Female,1982-03-27
635,Town,Alyutin,Male,2021-04-10
636,Cheryl,Gaspar,Female,1961-01-26
637,Phyllys,Metzing,Female,1991-10-31
638,Fredra,Nani,Female,2020-06-21
639,Katya,Applegarth,Female,1980-10-26
640,Menard,Riddler,Male,1974-07-18
641,Hinda,Kildale,Female,1971-05-24
642,Neille,Mazonowicz,Female,1967-12-03
643,Faunie,Hymans,Female,1964-01-19
644,Forrest,Eykelbosch,Male,1987-01-11
645,Ludovico,Lindell,Male,1996-02-15
646,Frankie,Lightning,Male,2000-02-25
647,Angelle,Lejeune,Bigender,1986-08-31
648,Miguel,Mosdell,Male,2008-03-28
649,Ana,Oakhill,Female,1994-11-22
650,Curtice,Ghelardi,Male,1978-02-22
651,Blythe,Bence,Female,2004-11-13
652,Vick,Last,Male,2014-08-03
653,Selma,Balazot,Female,1993-11-03
654,Padgett,Voden,Male,1990-12-29
655,Ann-marie,Snashall,Female,1974-09-04
656,Jillayne,Kitchinham,Female,2000-01-28
657,Packston,Eliet,Male,2005-07-02
658,Brian,Tink,Male,1985-03-19
659,Lu,Davidai,Female,2006-11-02
660,Mirabel,Bonanno,Agender,1994-01-24
661,Charlton,Trimme,Male,1975-10-18
662,Burke,Faccini,Male,1976-01-04
663,Brooke,Rosentholer,Female,1983-05-15
664,Isador,Headly,Male,1998-06-21
665,Edan,Pitkeathly,Male,1993-08-15
666,Melinde,Boles,Female,2017-10-05
667,Guillema,Twigg,Female,2001-11-02
668,Hershel,Leynagh,Male,1965-11-27
669,Winfield,Fort,Male,1975-02-07
670,Lucky,Di Ruggiero,Agender,1985-01-13
671,Dee,Geale,Female,1973-10-18
672,Grete,Andrick,Female,1977-06-07
673,Helsa,Toping,Female,1991-10-09
674,Leticia,Huleatt,Female,1985-04-16
675,Germana,Hurtic,Female,1993-01-24
676,Honey,Rist,Female,1979-03-29
677,Terra,Hosburn,Female,1990-07-02
678,Merl,Simo,Female,1964-11-19
679,Merilyn,Storre,Female,2013-05-22
680,Leela,Ratray,Female,1995-04-19
681,Gabby,Doble,Male,2020-12-25
682,Ina,Grzelczak,Female,1986-05-30
683,Willow,Melville,Female,1974-09-14
684,Kara-lynn,Bowerman,Female,1983-11-04
685,Conrad,Gateley,Male,1990-09-17
686,Jeniffer,Frere,Polygender,1979-02-23
687,Tammie,Orme,Male,1979-05-26
688,Clementia,Pol,Female,2002-05-22
689,Warden,Guiden,Male,2021-08-10
690,Ryun,Sigmund,Male,2014-05-04
691,Gretchen,Jonczyk,Female,2015-12-08
692,Dell,Oxton,Male,2010-07-13
693,Birdie,Snufflebottom,Female,1994-07-19
694,Mella,Penhall,Genderqueer,1996-01-20
695,Cleavland,Tuther,Male,1991-01-02
696,Ned,Bazire,Male,1971-03-31
697,Thomasina,Mariner,Female,1968-06-14
698,Kathy,Deans,Female,2008-10-08
699,Sarita,Keinrat,Female,2022-01-03
700,Foster,MacCulloch,Male,2004-01-09
701,Mirelle,Brinkworth,Female,2015-09-06
702,Jamil,Burchmore,Male,1963-08-23
703,Alidia,Pizey,Female,1996-06-27
704,Florinda,Haywood,Female,2012-08-02
705,Leonard,Parminter,Male,1999-12-24
706,Mohandis,Godfroy,Agender,1984-04-23
707,Olympe,Stoffers,Female,1997-08-15
708,Cordie,Landall,Male,2019-05-12
709,Xena,Marrington,Female,2017-12-06
710,Alphonso,Cheesman,Male,1974-08-25
711,Ainsley,Paggitt,Female,1991-08-10
712,Regan,Itzcak,Male,1962-12-28
713,Renate,Ternott,Female,1962-02-23
714,Christian,Rouf,Male,1964-04-09
715,Tory,Probet,Female,1967-02-14
716,Gottfried,Tomaskov,Male,2006-01-26
717,Angeline,Thompstone,Genderfluid,1993-09-15
718,Loraine,Edworthie,Genderqueer,1974-08-19
719,Peder,Peagrim,Male,2014-08-08
720,Hendrik,Lepope,Male,2009-05-22
721,Kean,Kobu,Male,1985-11-01
722,Sondra,Pomphrett,Female,1991-04-10
723,Geri,Sumnall,Genderfluid,1983-11-27
724,Valma,Darracott,Female,1989-04-05
725,Alissa,Dewan,Non-binary,2019-11-09
726,Traver,Tripon,Agender,1983-02-25
727,Flemming,Burleton,Male,1988-10-13
728,Marjie,Coppledike,Female,2018-05-15
729,Opalina,Jope,Female,2020-12-18
730,Caryn,Quiney,Female,2006-12-14
731,Vic,Bruyntjes,Male,1967-08-04
732,Fernande,Casserley,Female,1977-12-21
733,Hyacinthe,Portress,Female,2000-07-24
734,Earle,Mepham,Male,2001-02-27
735,Langsdon,Mccaull,Male,2015-11-10
736,Kania,Drynan,Female,1972-08-12
737,Kelcey,Greneham,Female,1974-02-09
738,Eileen,Archambault,Female,1974-07-12
739,Barnabe,Macartney,Male,1973-09-04
740,Farr,Valois,Male,2010-06-21
741,Beck,Drover,Male,2017-01-13
742,Gabriel,Varndall,Female,2013-01-04
743,Jany,Hardin,Female,2012-07-11
744,Celestina,Orehead,Female,1983-03-15
745,Chloette,Leopard,Female,1969-03-15
746,Harrie,Justun,Female,1994-03-15
747,Kathlin,Sotheron,Female,2001-11-27
748,Kial,Henrys,Female,1977-09-07
749,Bink,Pieroni,Male,1992-05-19
750,Denyse,Toxell,Female,1981-05-10
751,Gordan,Urpeth,Male,1986-01-16
752,Catlee,Westney,Bigender,1983-08-18
753,Bari,Still,Female,2017-08-11
754,Penn,Cowland,Male,1978-08-16
755,Francene,Blowen,Female,1969-11-12
756,Brit,Bibby,Male,1963-02-05
757,Gerrie,Crass,Bigender,2005-03-31
758,Kelley,Rickson,Female,2019-03-10
759,Jillane,Chaney,Female,1973-10-06
760,Roch,Wain,Female,1976-12-18
761,Rhys,Sheeran,Male,2019-10-31
762,Heida,Giscken,Female,1964-05-10
763,Karlik,Tisun,Male,2003-08-29
764,Micki,Dreghorn,Female,1993-11-26
765,Theodoric,Winston,Male,1977-10-23
766,Libbi,Stoute,Female,1962-02-25
767,Brigham,Dikels,Male,2021-09-08
768,Wilbert,Sutter,Male,1991-08-18
769,Barrie,Balasin,Male,1996-11-30
770,Mavis,Zorzini,Female,2008-07-30
771,Bev,Claughton,Female,1979-04-19
772,Cointon,Buffham,Male,2003-10-08
773,Meghan,Tessington,Polygender,1972-01-24
774,Ragnar,Davenport,Male,1993-07-10
775,Nathalie,Shyre,Female,1960-11-26
776,Sofia,Guerry,Female,1975-12-15
777,Tiffi,McGaugey,Female,1995-10-09
778,Modestine,Prozescky,Agender,1969-09-18
779,Barr,Spawforth,Male,1979-06-21
780,Ami,Tanser,Female,1974-02-07
781,Iago,Seals,Male,1964-02-11
782,Peggy,Cason,Female,2016-04-24
783,Caitrin,Malham,Agender,1970-05-26
784,Jemie,Peirazzi,Female,1981-05-15
785,Kenny,Barfoot,Male,2017-05-22
786,Lee,Dawdry,Male,2014-12-27
787,Jacinda,Meldon,Female,1981-01-26
788,Rebekah,Racher,Female,2020-04-16
789,Sarine,Kulicke,Female,2015-02-04
790,Derby,Spelman,Male,1990-02-07
791,Moe,Lingfoot,Male,1980-05-08
792,Dominick,Manuaud,Male,1981-09-21
793,Gawen,Waldram,Male,1986-09-30
794,Niven,Dieton,Male,2017-03-04
795,Godfree,Rainer,Male,1984-07-04
796,Clyde,Holtham,Male,2014-09-24
797,Gibb,Gainsbury,Genderqueer,1993-03-15
798,Barnett,Blamey,Male,2008-01-08
799,Pepi,Rabbitt,Female,2003-03-14
800,Arman,Vennart,Male,1978-12-08
801,Amory,Thomson,Male,2018-09-08
802,Napoleon,Briiginshaw,Male,1986-08-22
803,Madeleine,Clyma,Female,1996-01-29
804,Curt,Littlefair,Male,1986-06-17
805,Janifer,Pichan,Female,1977-05-20
806,Eldin,Rasher,Male,1969-10-21
807,Barbey,Gierhard,Bigender,1977-07-28
808,Kattie,Hauger,Polygender,2007-01-14
809,Rancell,Coen,Male,2005-08-07
810,Cary,Tinklin,Female,2017-07-28
811,Jilleen,Mattinson,Female,1975-06-24
812,Thomas,Guerriero,Male,1984-10-14
813,Roland,Klais,Male,1999-06-28
814,Neron,Kezor,Male,1975-08-20
815,Marylinda,Turbitt,Female,1971-03-24
816,Shoshana,Waliszek,Female,1978-05-13
817,Demetri,Bogaert,Male,2009-11-06
818,Ashbey,McKennan,Male,1965-06-19
819,Reginauld,Kinnie,Male,1964-10-10
820,Emilio,Pinsent,Male,1963-11-04
821,Murray,Hasted,Male,2009-01-18
822,Ethelred,Thunder,Male,1961-12-15
823,Yves,Newcomb,Male,1960-03-17
824,Vincenz,Sellars,Male,2013-04-24
825,Bertram,Harkins,Male,2010-02-11
826,Franchot,Rollins,Male,2015-08-27
827,Kayne,Ricarde,Male,2010-10-25
828,Pammy,Hayer,Female,1964-11-19
829,Carolus,Tidball,Male,1966-04-28
830,Lyndsay,Domoni,Female,2003-01-17
831,Alberik,Barlthrop,Male,1983-08-28
832,Sharleen,Stanlack,Female,2014-08-12
833,Min,Fowkes,Female,1984-06-19
834,Hamnet,MacTeague,Male,2013-01-30
835,Anstice,Jochens,Female,2015-08-25
836,Sara,Cobelli,Female,1990-01-05
837,Doretta,Gigg,Non-binary,1999-07-19
838,Orly,Pfeuffer,Female,1961-04-13
839,Willow,Podbury,Female,1988-06-26
840,Hersh,Marquis,Male,1975-03-04
841,Cello,Retchless,Male,2015-01-23
842,Kelby,Melendez,Male,1968-12-23
843,Nil,Wint,Male,1987-04-30
844,Brewster,Guinn,Male,2002-07-29
845,Juanita,Yukhnini,Female,2006-10-15
846,Dusty,Abdee,Female,2019-06-22
847,Laverna,Copello,Female,1991-05-08
848,Letitia,Gascoyen,Female,2014-02-06
849,Penn,Silkstone,Male,1984-02-03
850,Wanids,Methven,Female,1992-03-04
851,Corbie,Wagge,Male,1990-12-05
852,Clerissa,Anwell,Female,2016-02-25
853,Zsazsa,Dryburgh,Female,1969-05-16
854,Goober,Eyes,Male,2012-02-29
855,Ruby,Winwright,Female,1999-01-30
856,Elton,Dahlborg,Male,1971-01-02
857,Kate,Boxen,Female,2021-07-29
858,Salomo,Key,Male,1985-03-05
859,Hunt,Harrild,Male,1965-11-28
860,Rex,Tupie,Male,1979-11-29
861,Anette,Greville,Female,1990-02-19
862,Hyacintha,Jarmaine,Female,1977-04-15
863,Tommie,Salters,Male,1968-03-05
864,Aleen,Jecks,Female,1995-05-01
865,Kary,Cossum,Female,1964-08-22
866,Brita,Kelshaw,Female,1975-04-05
867,Kipper,MacKill,Male,2000-10-17
868,Brigitte,Garrish,Genderfluid,2001-04-20
869,Casey,Petr,Female,1993-11-08
870,Carmella,Corston,Female,1978-04-03
871,Garrick,Zanardii,Male,2001-10-30
872,Donovan,Gyurko,Male,1971-11-06
873,Krissie,Laybourn,Female,1960-02-29
874,Cullan,Carbery,Male,1990-11-19
875,Levon,Priditt,Male,1961-07-25
876,Richart,Gipp,Male,1970-05-10
877,Lib,Josupeit,Genderqueer,2013-10-08
878,Lezley,Callinan,Male,1961-02-14
879,Dulci,Skirven,Female,1967-08-21
880,Kyle,Renac,Female,1985-08-09
881,Emmy,Naton,Male,1997-09-04
882,Alexina,Speake,Female,1984-06-02
883,Candida,Woodthorpe,Female,2020-03-14
884,Gilligan,Tuhy,Female,1969-08-18
885,Iormina,Bigland,Female,1977-11-08
886,Ferdinand,Lahive,Male,2001-07-03
887,Datha,Clinkard,Female,1988-12-11
888,Adda,Tomaskunas,Female,1974-03-07
889,Poppy,Lindsey,Female,1996-11-13
890,Ugo,Gate,Male,1976-09-13
891,Hamlin,Benning,Male,1982-03-17
892,Stephenie,Tallon,Female,1964-04-20
893,Aidan,Hambrick,Female,1969-04-16
894,Carly,Stenning,Male,1995-10-02
895,Wiatt,Marmon,Male,1988-01-02
896,Boris,Rainey,Male,2000-05-21
897,Ransom,Sweetnam,Male,1988-02-26
898,Jamesy,Hilling,Male,1978-11-01
899,Michell,Fellnee,Female,2006-07-12
900,Donny,Leeburne,Male,2014-04-25
901,Walden,Bozworth,Male,1973-01-12
902,Clementina,O'Duane,Female,1979-08-17
903,Vernen,Blastock,Male,1995-06-22
904,Paige,Pavkovic,Male,2019-11-13
905,Spence,Mandeville,Male,1980-06-12
906,Jen,Standeven,Female,1997-01-25
907,Ramonda,Reading,Female,1963-04-20
908,Elisa,Lamburne,Female,1988-07-17
909,Josie,Simpole,Female,2021-12-16
910,Gael,Shirer,Male,1990-10-17
911,Jonas,Sleeford,Male,1995-11-12
912,Andree,Allcock,Female,1963-08-28
913,Elizabet,Hentze,Genderfluid,1998-05-07
914,Lucina,Camplen,Female,1992-11-08
915,Willi,Meriel,Male,2004-05-25
916,Brietta,Battell,Female,1997-10-18
917,Grantham,Binstead,Male,1978-11-17
918,Garrot,Walsom,Male,2001-05-03
919,Jethro,Janz,Male,1992-06-07
920,Cordelie,Yushkov,Female,1999-07-09
921,Shelia,Nezey,Female,2021-10-05
922,Truman,D'Ambrosio,Male,1991-01-24
923,Chrystel,Bonifazio,Female,1977-11-30
924,Mandel,Jickles,Male,1996-02-20
925,Ora,Heard,Agender,2010-05-03
926,Darcie,McMichan,Female,1987-09-11
927,Kata,Freebury,Female,1997-08-02
928,Rheba,Fehely,Female,1990-03-31
929,Holt,Bugdell,Male,2008-12-21
930,Corly,MacCarter,Polygender,2017-04-09
931,Bryan,Dennis,Male,1984-03-16
932,Angil,Eberz,Genderqueer,2013-11-23
933,Earl,Tierney,Male,2018-10-14
934,Alexandre,Joselson,Male,1968-05-26
935,Amabelle,Hubbock,Female,1993-02-05
936,Christophe,Sollime,Male,1992-05-20
937,Rourke,Van den Velde,Male,1984-05-14
938,Nickola,Longbone,Male,1996-10-20
939,Fern,Lightman,Female,1986-07-06
940,Brier,Lovatt,Female,2000-04-17
941,Brander,Gawne,Male,1981-05-10
942,Aldus,Esslement,Male,1972-03-11
943,Dev,Leyfield,Male,1983-05-11
944,Robyn,Shimwell,Female,1995-11-18
945,Leighton,Cutcliffe,Male,1993-01-29
946,Birgitta,Mance,Female,2019-09-14
947,Janith,Evequot,Female,2004-01-23
948,Elvyn,Autry,Male,1965-07-30
949,Marne,Larchier,Female,2000-09-05
950,Lowell,Antos,Male,2015-02-14
951,Auria,Bellamy,Genderfluid,1985-09-04
952,Moina,Rigney,Female,1992-08-07
953,Maddi,Hoffmann,Polygender,1967-11-06
954,Biddie,Redmile,Female,1960-10-08
955,Engracia,Pibsworth,Agender,1994-08-01
956,Daisey,Chilles,Female,1981-05-13
957,Goldia,Ellesworth,Female,2000-08-15
958,Davie,Yakubovics,Male,1971-10-19
959,Lynea,Androsik,Female,2008-09-22
960,Inez,Pirnie,Female,1980-09-07
961,Mattie,Sains,Male,1981-07-17
962,Lilah,Remer,Female,1986-04-27
963,Amara,Bau,Female,2017-05-21
964,Maurise,Burnyeat,Male,2011-06-23
965,Demeter,Howison,Female,2013-09-01
966,Reiko,Wooton,Female,1979-01-16
967,Lorrie,Wheeldon,Female,1976-08-20
968,Leesa,Mallon,Female,1985-05-05
969,Fulvia,Vanyutin,Female,1978-10-07
970,Tory,Kynder,Female,1980-04-03
971,Adela,Catlette,Female,1968-05-08
972,Felipe,Penn,Male,1971-10-23
973,Mickey,Clewer,Male,1993-07-15
974,Camille,Petegre,Agender,2002-04-02
975,Nigel,Gartell,Male,1997-12-29
976,Shaine,Garett,Male,2012-10-31
977,Molli,Magrane,Female,1960-01-18
978,Maurice,Lewens,Male,1973-11-26
979,Shina,McCahill,Female,1974-10-07
980,Hewie,Stuehmeier,Male,1980-11-30
981,Loreen,Kenwood,Female,1991-09-05
982,Benjy,Tibald,Male,1979-06-21
983,Brandon,Shea,Male,1995-10-23
984,Prue,Sheilds,Female,1996-09-30
985,Maia,Forde,Female,1987-05-04
986,Melva,MacDermot,Female,1988-06-06
987,Othelia,Daen,Female,1987-09-11
988,Kessiah,Yeld,Female,2008-05-15
989,Abra,Chalke,Female,1978-08-05
990,Darby,Gainor,Male,2000-12-11
991,Claudianus,Basilio,Male,2016-08-10
992,Guillema,Linke,Female,1969-06-23
993,Hyacinth,Kilban,Female,2008-06-23
994,Con,Mallon,Female,2008-09-19
995,Matias,Wheeldon,Male,2013-08-24
996,Miles,Speeding,Bigender,1964-05-20
997,Royce,Gerhold,Male,1962-09-15
998,Blakeley,Farherty,Female,2017-02-10
999,Kori,Lockyear,Female,2002-09-20
1000,Paola,Saphin,Female,1975-07-04
